iteration,best_fitness,avg_fitness,method
0,141.0116357719469,141.0116357719469,profit_distance
1,190.51459469779363,165.76311523487027,profit
2,160.58954083601074,164.03859043525043,nearest
3,160.58954083601074,163.17632803544052,savings
