iteration,best_fitness,avg_fitness,method
0,175.74094230458456,175.74094230458456,profit_distance
1,163.85915387992924,169.8000480922569,profit
2,123.61589705417457,154.40533107956279,nearest
3,123.61589705417457,146.70797257321573,savings
