iteration,best_fitness,avg_fitness,method
0,1331.4329717179307,1331.4329717179307,profit_distance
1,1237.050182177245,1284.2415769475879,profit
2,1455.0922162387762,1341.1917900446506,nearest
3,1455.0922162387762,1369.666896593182,savings
