Algorithm,Execution Time (s),Memory Usage (MB),Total Profit,Number of Routes,Total Clients Served
Basic Heuristic,0.006029367446899414,0.00296783447265625,876.0,1,30
Beasley Adapted,0.008745670318603516,0.008218765258789062,18.0,1,2
Genetic Algorithm,591.8654139041901,2.9304122924804688,630.0,1,27
