Algorithm,Execution Time (s),Memory Usage (MB),Total Profit,Number of Routes,Total Clients Served
Basic Heuristic,0.014000177383422852,0.00304412841796875,1135.0,1,35
Beasley Adapted,0.0,0.008569717407226562,15.0,1,2
Genetic Algorithm,22.598585844039917,6.913846015930176,480.0,1,18
