iteration,best_fitness,avg_fitness,method
0,85.22018674659518,85.22018674659518,profit_distance
1,128.14063990565057,106.68041332612287,profit
2,122.97244917647134,112.1110919429057,nearest
3,122.97244917647134,114.82643125129711,savings
