iteration,best_fitness,avg_fitness,method
0,160.7254730205652,160.7254730205652,profit_distance
1,160.72493946480702,160.7252062426861,profit
2,141.62977883240742,154.3600637725932,nearest
3,141.62977883240742,151.17749253754675,savings
