iteration,best_fitness,avg_fitness,method
0,147.69516234009367,147.69516234009367,profit_distance
1,125.80082895167938,136.74799564588653,profit
2,150.02565719223568,141.17388282800292,nearest
3,150.02565719223568,143.38682641906112,savings
