iteration,best_fitness,avg_fitness,method
0,1142.6599553616752,1142.6599553616752,profit_distance
1,1192.8556702336316,1167.7578127976535,profit
2,860.33729414625,1065.284306580519,nearest
3,860.33729414625,1014.0475534719517,savings
