iteration,best_fitness,avg_fitness,method
0,780.4232471403832,780.4232471403832,profit_distance
1,740.8608584159706,760.6420527781769,profit
2,697.7107357171172,739.664947091157,nearest
3,697.7107357171172,729.1763942476471,savings
