iteration,best_fitness,avg_fitness,method
0,1017.7472828026896,1017.7472828026896,profit_distance
1,994.4750492197619,1006.1111660112258,profit
2,798.8535467921866,937.0252929382127,nearest
3,771.7740595653232,895.7124845949903,savings
