iteration,best_fitness,avg_fitness,method
0,1351.144365444621,1351.144365444621,profit_distance
1,1373.1952506288642,1362.1698080367426,profit
2,1184.9908879765765,1303.1101680166873,nearest
3,1184.9908879765765,1273.5803480066595,savings
