iteration,best_fitness,avg_fitness,method
0,1191.219382441658,1191.219382441658,profit_distance
1,1147.6638277758702,1169.4416051087642,profit
2,1095.1820722467507,1144.688427488093,nearest
3,1095.1820722467507,1132.3118386777576,savings
