iteration,best_fitness,avg_fitness,method
0,1186.7686336152933,1186.7686336152933,profit_distance
1,1239.1371781530916,1212.9529058841924,profit
2,1204.9894319302173,1210.2984145662006,nearest
3,1204.9894319302173,1208.9711689072049,savings
