iteration,best_fitness,avg_fitness,method
0,197.58742796994994,197.58742796994994,profit_distance
1,287.4467789120967,242.51710344102332,profit
2,256.22987588259014,247.08802758821227,nearest
3,256.22987588259014,249.37348966180673,savings
