iteration,best_fitness,avg_fitness,method
0,605.4220167027478,605.4220167027478,profit_distance
1,660.1894316220904,632.8057241624191,profit
2,521.6126967803089,595.7413817017157,nearest
3,521.6126967803089,577.209210471364,savings
