iteration,best_fitness,avg_fitness,method
0,965.8041307666185,965.8041307666185,profit_distance
1,775.2727935386442,870.5384621526314,profit
2,921.7513751884353,887.609433164566,nearest
3,921.7513751884353,896.1449186705333,savings
