iteration,best_fitness,avg_fitness,method
0,643.9045823626535,643.9045823626535,profit_distance
1,623.1237684961894,633.5141754294215,profit
2,548.7899367287494,605.2727625291974,nearest
3,548.7899367287494,591.1520560790855,savings
